"Company","Chinese Company Name","Texile Mill type","Specialty","Purchasing","Annual Sales","Lead Referral Source","Date of Initial Contact","Title","Contact","Contact : Title","Contact : First","Contact : Middle","Contact : Last","Address","Address : Street 1","Address : Street 2","Address : City","Address : State","Address : Zip","Address : Country","Address : Latitude","Address : Longitude","Country Map","Secondary Country ","Phone","Email","Website","Sales Rep","Development","Presentation Complete","Customer Type","Brand Nominated","Record ID"
"Baytex","百特股份有限公司","Converter","","No","","","","","","","","",""," Taiwan","","","","","","Taiwan","","","Taiwan","Taiwan","","","","","No","No","Textile Mill","","675246a5c13dc702c60d7f23"
"Beijing Soonercleaning Technology Co","","","","No","","","","","","","","","","Beijing  China","","","","Beijing","","China","","","China","China","","","","","No","","Textile Mill","","675246a5c13dc702c60d7f26"
"Bestex","寶結企業有限公司","Dye and Finish","Active Wear","Yes","","","","","","","","",""," Taiwan","","","","","","Taiwan","","","Taiwan","Taiwan","","","","","Yes","Yes","Textile Mill","","675246a5c13dc702c60d7f29"
"BKS Textiles","","","","No","","","","","","","","",""," USA","","","","","","USA","","","USA","USA","","","","","No","","Textile Mill","","675246a5c13dc702c60d7f2c"
"Bodynits","","","","No","","","","","","","","",""," Singapore","","","","","","Singapore","","","Singapore","Vietnam","","","","","No","","Textile Mill","","675246a5c13dc702c60d7f2f"
"Bouckaert Industrial Textiles","","","","No","","","","","","","","",""," USA","","","","","","USA","","","USA","USA","","","","","No","","Textile Mill","","675246a5c13dc702c60d7f32"
"Brookstone Corporation FZCO","","","","No","","","","","","","","",""," USA","","","","","","USA","","","USA","USA","","","","","No","","Textile Mill","","675246a5c13dc702c60d7f35"
"Changshu Xundayi Knitting Textile Co., Ltd.","","","","No","","","","","","","","","","Jiangsu  China","","","","Jiangsu","","China","","","China","China","","","","","No","","Textile Mill","","675246a5c13dc702c60d7f39"
"Cheng Ye Fashion Trading","長業貿易有限公司","Converter","Active Wear","No","","","","","","","","",""," Taiwan","","","","","","Taiwan","","","Taiwan","Taiwan","","","","","No","No","Textile Mill","","675246a5c13dc702c60d7f3d"
"Chenille Textiles Co., LTD.","","","","No","","","","","","","","",""," USA","","","","","","USA","","","USA","USA","","","","","No","","Textile Mill","","675246a5c13dc702c60d7f40"
"Chin Hsiang Shun Co., LTD/Gloryplus","金祥順企業股份有限公司","Converter","","No","","","","","","","","",""," Taiwan","","","","","","Taiwan","","","Taiwan","Taiwan","","","","","No","No","Textile Mill","","675246a5c13dc702c60d7f44"
"Ching-Mei Textile","精美針織廠股份有限公司","Dye and Finish","","No","","","","","","","","",""," Taiwan","","","","","","Taiwan","","","Taiwan","Taiwan","","","","","No","No","Textile Mill","","675246a5c13dc702c60d7f47"
"Climatex","","","","No","","","","","","","","",""," Germany","","","","","","Germany","","","Germany","Germany","","","","","No","","Textile Mill","","675246a5c13dc702c60d7f4a"
"WldTex","Wellington","","","Yes","","","","","","","","",""," china","","","","","","china","","","China","China","","","","","No","","Textile Mill","","675246a5c13dc702c60d7f4d"
"Concordia Textiles","","","","No","","","","","","","","",""," Belgium","","","","","","Belgium","","","Belgium","Belgium","","","","","No","Yes","Textile Mill","","675246a5c13dc702c60d7f50"
"Cortex Textiles Ltd.","","","","No","","","","","","","","","","Zhejiang China","","","","","Zhejiang","China","","","China","Vietnam","","","","","No","","Textile Mill","","675246a5c13dc702c60d7f53"
"Crestex","","","","No","","","","","","","","",""," USA","","","","","","USA","","","USA","USA","","","","","No","","Textile Mill","","675246a5c13dc702c60d7f56"
"Crown Yin International Inc.","昭穎國際有限公司","Converter","","No","","","","","","","","",""," Taiwan","","","","","","Taiwan","","","Taiwan","Taiwan","","","","","No","No","Textile Mill","","675246a5c13dc702c60d7f59"
"Cyber Knit Fabrics","","","","No","","","","","","","","","","Forest Hills  USA","","","","Forest Hills","","USA","","","USA","USA","","","","","No","","Textile Mill","","675246a5c13dc702c60d7f5c"
"Darlington Fabrics","","","","No","","","","","","","","",""," USA","","","","","","USA","","","USA","USA","","","","","No","","Textile Mill","","675246a5c13dc702c60d7f5f"
"DEEP SHINE/HONOR TEXTILE CO., LTD.","","","","No","","","","","","","","","","shenzhen  china","","","","shenzhen","","china","","","China","China ","","","","","No","","Textile Mill","","675246a5c13dc702c60d7f62"
"Delta Galil Industries Ltd.","","","","No","","","","","","","","",""," Israel","","","","","","Israel","","","Israel","Israel","","","","","No","","Textile Mill","","675246a5c13dc702c60d7f65"
"Disha Textile","","","","No","","","","","","","","",""," India","","","","","","India","","","India","India","","","","","No","","Textile Mill","","675246a5c13dc702c60d7f68"
"Dong Guan Aconic Fabric Co., Ltd","","","","No","","","","","","","","","","Dong Guan  China","","","","Dong Guan","","China","","","China","China","","","","","No","","Textile Mill","","675246a5c13dc702c60d7f6b"
"Dong Pei Industrial","東沛興業股份有限公司","Converter","Printing","Yes","","","","","","","","",""," Taiwan","","","","","","Taiwan","","","Taiwan","Taiwan","","","","","Yes","Yes","Textile Mill","","675246a6c13dc702c60d7f6e"
"dyzmtextile.com","","","","No","","","","","","","","",""," Taiwan","","","","","","Taiwan","","","Taiwan","Taiwan","","","","","No","No","Textile Mill","","675246a6c13dc702c60d7f71"
"Eclat Textile Co LTd","儒鴻企業股份有限公司","Dye and Finish","Active Wear","Yes","","","","","","","","",""," Taiwan","","","","","","Taiwan","","","Taiwan","Taiwan","","","","","Yes","Yes","Textile Mill","","675246a6c13dc702c60d7f74"
"Ecoinn Enterprise Co., Ltd.","意康興業股份有限公司","","","No","","","","","","","","",""," Taiwan","","","","","","Taiwan","","","Taiwan","Taiwan","","","","","Yes","Yes","Textile Mill","","675246a6c13dc702c60d7f77"
"Emtex Inc.","","","","No","","","","","","","","",""," USA","","","","","","USA","","","USA","USA","","","","","No","","Textile Mill","","675246a6c13dc702c60d7f7a"
"EVEREST TEXTILE","宏遠興業股份有限公司","Dye and Finish","Active Wear","Yes","","","","","","","","",""," Taiwan","","","","","","Taiwan","","","Taiwan","Taiwan","","","","","Yes","Yes","Textile Mill","","675246a6c13dc702c60d7f7d"
"FAR EASTERN NEW CENTURY Corporation","遠東新世紀股份有限公司","Dye and Finish","Active Wear","Yes","","","","","","","","",""," Taiwan","","","","","","Taiwan","","","Taiwan","Taiwan","","","","","Yes","Yes","Textile Mill","","675246a6c13dc702c60d7f80"
"Flairtex","富集國際貿易股份有限公司","Converter","Active Wear","Yes","","","","","","","","",""," Taiwan","","","","","","Taiwan","","","Taiwan","Taiwan","","","","","Yes","Yes","Textile Mill","","675246a6c13dc702c60d7f83"
"Flying Tex","翔定興業有限公司","Converter","Wovens","No","","","","","","","","",""," Taiwan","","","","","","Taiwan","","","Taiwan","Taiwan","","","","","Yes","Yes","Textile Mill","","675246a6c13dc702c60d7f86"
"Formosa Taffeta Co Ltd","福懋興業股份有限公司","Dye and Finish","Wovens","No","","","","","","","","",""," Taiwan","","","","","","Taiwan","","","Taiwan","Taiwan","","","","","Yes","Yes","Textile Mill","","675246a7c13dc702c60d7f89"
"Fortune Spring Dyeing Factory Co., Ltd","泉福印染股份有限公司","Dye and Finish","Wovens","No","","","","","","","","",""," Taiwan","","","","","","Taiwan","","","Taiwan","Taiwan","","","","","Yes","Yes","Textile Mill","","675246a7c13dc702c60d7f8c"
"Fortune Textile Co Ltd","福鈺實業有限公司","","","No","","","","","","","","",""," Taiwan","","","","","","Taiwan","","","Taiwan","Taiwan","","","","","Yes","Yes","Textile Mill","","675246a7c13dc702c60d7f8f"
"Frontier Spinning Mills","","","","No","","","","","","","","",""," USA","","","","","","USA","","","USA","USA","","","","","No","","Textile Mill","","675246a7c13dc702c60d7f92"
"FU HSUN FIBER INDUSTRIES","富順纖維工業股份有限公司","","","No","","","","","","","","",""," Taiwan","","","","","","Taiwan","","","Taiwan","Taiwan","","","","","Yes","Yes","Textile Mill","","675246a7c13dc702c60d7f95"
"Fujian Unitex Technology Co. Ltd","宇邦","Dye and Finish","","No","","","","","","","","",""," China","","","","","","China","","","China","Taiwan","","","","","Yes","Yes","Textile Mill","","675246a7c13dc702c60d7f98"
"G MEGA TEXTILE ENTERPRISE","國梓實業股份有限公司","Converter","Active Wear","No","","","","","","","","",""," Taiwan","","","","","","Taiwan","","","Taiwan","Taiwan","","","","","No","No","Textile Mill","","675246a7c13dc702c60d7f9b"
"garlita.lt","","","","No","","","","","","","","",""," Lithuania","","","","","","Lithuania","","","Lithuania","Lithuania","","","","","Yes","","Textile Mill","","675246a7c13dc702c60d7f9e"
"GD Sun Win","","","","No","","","","","","","","",""," china","","","","","","china","","","China","China  ","","","","","No","","Textile Mill","","675246a7c13dc702c60d7fa1"
"Global Nonwoven","","","","No","","","","","","","","","","Mumbai  Indoa","","","","Mumbai","","Indoa","","","India","India","","","","","No","","Textile Mill","","675246a7c13dc702c60d7fa4"
"GLOWTEX INNOVATION CO., LTD.","東聯創新有限公司","Converter","","No","","","","","","","","",""," Taiwan","","","","","","Taiwan","","","Taiwan","Taiwan","","","","","No","No","Textile Mill","","675246a7c13dc702c60d7fa7"
"Gohar Textile Mills","","","","No","","","","","","","","",""," Pakistan","","","","","","Pakistan","","","Pakistan","Pakistan","","","","","No","","Textile Mill","","675246a7c13dc702c60d7faa"
"Grand Gain Industrial Limited (Hong Kong)","","","","No","","","","","","","","",""," china","","","","","","china","","","China","China ","","","","","No","","Textile Mill","","675246a7c13dc702c60d7fad"
"Grand Textile Co Ltd","昊紡股份有限公司","Converter","Wovens","No","","","","","","","","",""," Taiwan","","","","","","Taiwan","","","Taiwan","Taiwan","","","","","Yes","Yes","Textile Mill","","675246a7c13dc702c60d7fb0"
"Grande Tex","佳紡國際股份有限公司","Converter","","No","","","","","","","","",""," Taiwan","","","","","","Taiwan","","","Taiwan","Taiwan","","","","","Yes","Yes","Textile Mill","","675246a7c13dc702c60d7fb3"
"Greenwood Mills, Inc.","","","","No","","","","","","","","",""," USA","","","","","","USA","","","USA","USA","","","","","No","","Textile Mill","","675246a7c13dc702c60d7fb6"
"gti-suedwollegroup.com","","","","No","","","","","","","","",""," Italy","","","","","","Italy","","","Italy","Italy","","","","","No","","Textile Mill","","675246a7c13dc702c60d7fb9"
"GTM Textile","勤益國際紡織股份有限公司","Dye and Finish","","No","","","","","","","","",""," Taiwan","","","","","","Taiwan","","","Taiwan","Taiwan","","","","","No","No","Textile Mill","","675246a7c13dc702c60d7fbc"
"Gul Ahmed Textile Mills Limited","","","","No","","","","","","","","",""," Pakistan","","","","","","Pakistan","","","Pakistan","Pakistan","","","","","Yes","","Textile Mill","","675246a7c13dc702c60d7fbf"
"Haining Otex Textile Co., Ltd","","","","No","","","","","","","","",""," china","","","","","","china","","","China","China","","","","","No","","Textile Mill","","675246a7c13dc702c60d7fc2"
"Hangzhou Honghai Textile Co. Ltd","","","","No","","","","","","","","",""," china","","","","","","china","","","China","China","","","","","No","","Textile Mill","","675246a7c13dc702c60d7fc5"
"Hanora Spinning","","","","No","","","","","","","","",""," USA","","","","","","USA","","","USA","USA","","","","","No","","Textile Mill","","675246a7c13dc702c60d7fc8"
"HANQUAN Special type textiles PINGHU Co., ltd.","","","","No","","","","","","","","",""," china","","","","","","china","","","China","China","","","","","No","","Textile Mill","","675246a7c13dc702c60d7fcb"
"Hansglobaltextile","誠佳科技紡織","Yarn Supplier","","No","","","","","","","","",""," Taiwan","","","","","","Taiwan","","","Taiwan","Taiwan","","","","","No","No","Textile Mill","","675246a7c13dc702c60d7fce"
"Harodite Industries, Inc.","","","","No","","","","","","","","",""," USA","","","","","","USA","","","USA","USA","","","","","No","","Textile Mill","","675246a7c13dc702c60d7fd1"
"HC Organize Textiles","","","","No","","","","","","","","",""," Turkey","","","","","","Turkey","","","Turkey","Turkey","","","","","No","","Textile Mill","","675246a7c13dc702c60d7fd4"
"hellatex.at","","","","No","","","","","","","","",""," Austria","","","","","","Austria","","","Austria","Austria","","","","","No","","Textile Mill","","675246a7c13dc702c60d7fd7"
"Helmont Mills Inc/Gehring Tricot","","","","No","","","","","","","","",""," USA","","","","","","USA","","","USA","USA","","","","","No","","Textile Mill","","675246a8c13dc702c60d7fda"
"Henllon Textile/ Wuxi Hanron Textile Co., Ltd. / Handa","","","","No","","","","","","","","",""," china","","","","","","china","","","China","China","","","","","Yes","","Textile Mill","","675246a8c13dc702c60d7fdd"
"Her Ching Knitting Co Ltd","和慶針織廠股份有限公司","Converter","Active Wear","No","","","","","","","","",""," Taiwan","","","","","","Taiwan","","","Taiwan","Taiwan","","","","","No","No","Textile Mill","","675246a8c13dc702c60d7fe0"
"Hi-tex Group","宏良國際有限公司","Converter","","No","","","","","","","","",""," Taiwan","","","","","","Taiwan","","","Taiwan","Taiwan","","","","","Yes","Yes","Textile Mill","","675246a8c13dc702c60d7fe3"
"HLC INDUSTRIES INC","","","","No","","","","","","","","",""," USA","","","","","","USA","","","USA","USA","","","","","No","","Textile Mill","","675246a8c13dc702c60d7fe6"
"Hoba Textile Co., LTD.","宏邦針織有限公司","Sourcing Agent","","No","","","","","","","","",""," Taiwan","","","","","","Taiwan","","","Taiwan","Taiwan","","","","","No","No","Textile Mill","","675246a8c13dc702c60d7fe9"
"HomTex Inc","","","","No","","","","","","","","",""," USA","","","","","","USA","","","USA","USA","","","","","No","","Textile Mill","","675246a8c13dc702c60d7fec"
"Hone-Strong Industrial Co.","力誠事業股份有限公司","Sourcing Agent","","No","","","","","","","","",""," Taiwan","","","","","","Taiwan","","","Taiwan","Taiwan","","","","","No","Yes","Textile Mill","","675246a8c13dc702c60d7fef"
"Hong Ding Textile Co.,Ltd","浤鼎紡織有限公司","Converter","","No","","","","","","","","",""," Taiwan","","","","","","Taiwan","","","Taiwan","Taiwan","","","","","No","No","Textile Mill","","675246a8c13dc702c60d7ff2"
"Hong Li Textile Co., Ltd","宏利織造股份有限公司","Yarn Supplier","","No","","","","","","","","",""," Taiwan","","","","","","Taiwan","","","Taiwan","Taiwan","","","","","No","No","Textile Mill","","675246a8c13dc702c60d7ff5"
"Honggang Tex","","Converter","","Yes","","","","","","","","",""," china","","","","","","china","","","China","China","","","","","No","","Textile Mill","","675246a8c13dc702c60d7ff8"
"Honmyue Textile., LTD/ Zhejiang Yawliang Textile Co., LTD","","","","No","","","","","","","","",""," china","","","","","","china","","","China","China","","","","","No","","Textile Mill","","675246a8c13dc702c60d7ffb"
"Hontex (Hongyuan Technicak Textile)","","","","No","","","","","","","","",""," china","","","","","","china","","","China","China","","","","","Yes","","Textile Mill","","675246a8c13dc702c60d7ffe"
"Hornwood, Inc.","","","","No","","","","","","","","",""," USA","","","","","","USA","","","USA","USA","","","","","No","","Textile Mill","","675246a8c13dc702c60d8001"
"Hsiang Lun Industrial Corporation","祥綸企業有限公司","Converter","","No","","","","","","","","",""," Taiwan","","","","","","Taiwan","","","Taiwan","Taiwan","","","","","Yes","Yes","Textile Mill","","675246a8c13dc702c60d8004"
"Huan Shen Enterprise","煥昇實業有限公司","Yarn Supplier","","No","","","","","","","","",""," Taiwan","","","","","","Taiwan","","","Taiwan","Taiwan","","","","","Yes","No","Textile Mill","","675246a8c13dc702c60d8007"
"Huayoutex (huayoutex.com","","","","No","","","","","","","","",""," china","","","","","","china","","","China","China","","","","","No","","Textile Mill","","675246a8c13dc702c60d800a"
"Hui Liang Industrial Co., LTD (Nam Liong Group)","匯良實業股份有限公司","Converter","","No","","","","","","","","",""," Taiwan","","","","","","Taiwan","","","Taiwan","Taiwan","","","","","Yes","Yes","Textile Mill","","675246a8c13dc702c60d800d"
"Hung Sheng Textile Fabrics","泓升紡織","Sourcing Agent","","No","","","","","","","","",""," Taiwan","","","","","","Taiwan","","","Taiwan","Taiwan","","","","","No","No","Textile Mill","","675246a8c13dc702c60d8010"
"Hung's Fortune International Co., Ltd.","洪裕國際股份有限公司","Converter","Wovens","No","","","","","","","","",""," Taiwan","","","","","","Taiwan","","","Taiwan","Taiwan","","","","","Yes","Yes","Textile Mill","Cotapaxi","675246a8c13dc702c60d8013"
"Hwa Tai Industry","","","","No","","","","","","","","",""," Malaysia","","","","","","Malaysia","","","Malaysia","Malaysia","","","","","No","","Textile Mill","","675246a8c13dc702c60d8016"
"Hwang-Yih Tex","皇益紡織股份有限公司","Dye and Finish","","No","","","","","","","","",""," Taiwan","","","","","","Taiwan","","","Taiwan","Taiwan","","","","","Yes","Yes","Textile Mill","","675246a8c13dc702c60d8019"
"Hangzhou Longwei Textile","","","","No","","","","","","","","",""," china","","","","","","china","","","China","China","","","","","No","","Textile Mill","","675246a8c13dc702c60d801c"
"Industria Textil del Pacífico S.A.","","","","No","","","","","","","","",""," Peru","","","","","","Peru","","","Peru","Peru","","","","","No","","Textile Mill","","675246a8c13dc702c60d801f"
"Inexmoda","","","","No","","","","","","","","",""," Colombia","","","","","","Colombia","","","Colombia","Colombia","","","","","No","","Textile Mill","","675246a8c13dc702c60d8022"
"Inman Mills","","","","No","","","","","","","","",""," USA","","","","","","USA","","","USA","USA","","","","","No","","Textile Mill","","675246a8c13dc702c60d8025"
"Inno Knits","","","","No","","","","","","","","",""," USA","","","","","","USA","","","USA","USA","","","","","No","","Textile Mill","","675246a8c13dc702c60d8028"
"Innofa USA llc.","","","","No","","","","","","","","",""," USA","","","","","","USA","","","USA","USA","","","","","No","","Textile Mill","","675246a8c13dc702c60d802b"
"Innovaknits, LLC","","","","No","","","","","","","","",""," USA","","","","","","USA","","","USA","USA","","","","","No","","Textile Mill","","675246a8c13dc702c60d802e"
"Innovatec","","","","No","","","","","","","","",""," Germany","","","","","","Germany","","","Germany","Germany","","","","","No","","Textile Mill","","675246a9c13dc702c60d8031"
"Interloop Limited","","","","No","","","","","","","","",""," Pakistan","","","","","","Pakistan","","","Pakistan","Pakistan","","","","","Yes","","Textile Mill","","675246a9c13dc702c60d8034"
"International Foam Products, Inc.","","","","No","","","","","","","","",""," USA","","","","","","USA","","","USA","USA","","","","","No","","Textile Mill","","675246a9c13dc702c60d8037"
"İstanbul Boyahanesi","","","","No","","","","","","","","",""," Turkey","","","","","","Turkey","","","Turkey","Turkey","","","","","No","","Textile Mill","","675246a9c13dc702c60d803a"
"J2 TEXTILE CORP.","尚霖實業有限公司","Converter","","No","","","","","","","","",""," Taiwan","","","","","","Taiwan","","","Taiwan","Taiwan","","","","","No","No","Textile Mill","","675246a9c13dc702c60d803d"
"Jeffco Fibres Inc","","","","No","","","","","","","","",""," USA","","","","","","USA","","","USA","USA","","","","","No","","Textile Mill","","675246a9c13dc702c60d8040"
"JIA MEIR","佳美欣業有限公司","Converter","","No","","","","","","","","",""," Taiwan","","","","","","Taiwan","","","Taiwan","Taiwan","","","","","No","No","Textile Mill","","675246a9c13dc702c60d8043"
"JIA-Zhan Textile Technology Co., Ltd.","嘉展紡織科技有限公司","Converter","Shoe Material","Yes","","","","","","","","",""," Taiwan","","","","","","Taiwan","","","Taiwan","Taiwan","","","","","Yes","Yes","Textile Mill","","675246a9c13dc702c60d8046"
"Jiangsu Jujie Microfibers Group., Ltd","","","","No","","","","","","","","",""," china","","","","","","china","","","China","China","","","","","No","","Textile Mill","","675246a9c13dc702c60d8049"
"Jiangsu Skyrun Wuxi Co., Ltd","","","","No","","","","","","","","",""," china","","","","","","china","","","China","China","","","","","No","","Textile Mill","","675246a9c13dc702c60d804c"
"JiangXi BaoFeng Knitting Co., Ltd","","","","No","","","","","","","","",""," china","","","","","","china","","","China","China","","","","","No","","Textile Mill","","675246a9c13dc702c60d804f"
"jiaxuantextile.com","","","","No","","","","","","","","",""," china","","","","","","china","","","China","China","","","","","No","","Textile Mill","","675246a9c13dc702c60d8052"
"Jireh Coporation 達望有限公司","達望有限公司","Converter","","No","","","","","","","","",""," Taiwan","","","","","","Taiwan","","","Taiwan","Taiwan","","","","","No","No","Textile Mill","","675246a9c13dc702c60d8055"
"JIUNDAR INDUSTRIAL CO., LTD.","至達實業股份有限公司","Converter","","No","","","","","","","","",""," Taiwan","","","","","","Taiwan","","","Taiwan","Taiwan","","","","","No","No","Textile Mill","","675246a9c13dc702c60d8058"
"JK Group of Companies","","","","No","","","","","","","","",""," India","","","","","","India","","","India","India","","","","","No","","Textile Mill","","675246a9c13dc702c60d805b"
"JY Textile Limited","","","","No","","","","","","","","",""," Hong Kong","","","","","","Hong Kong","","","Hong Kong","Hong Kong","","","","","No","","Textile Mill","","675246a9c13dc702c60d805e"
"Kam Hing Dyeing Factory","","","","No","","","","","","","","",""," china","","","","","","china","","","China","China","","","","","No","","Textile Mill","","675246a9c13dc702c60d8061"
"Kam International","","","","No","","","","","","","","",""," Pakistan","","","","","","Pakistan","","","Pakistan","Pakistan","","","","","No","","Textile Mill","","675246a9c13dc702c60d8064"
"Kampala","","","","No","","","","","","","","",""," India","","","","","","India","","","India","India","","","","","No","","Textile Mill","","675246a9c13dc702c60d8067"
"KAM Manufacturing Inc.","","","","No","","","","","","","","",""," USA","","","","","","USA","","","USA","USA","","","","","No","","Textile Mill","","675246a9c13dc702c60d806a"
"Kayteks Kadife San Tic Ltd Sti","","","","No","","","","","","","","",""," Turkey","","","","","","Turkey","","","Turkey","Turkey","","","","","No","","Textile Mill","","675246a9c13dc702c60d806d"
"kemitex SRL","","","","No","","","","","","","","",""," Italy","","","","","","Italy","","","Italy","Italy","","","","","No","","Textile Mill","","675246a9c13dc702c60d8070"
"KENTWOOL Manufacturing","","","","No","","","","","","","","",""," USA","","","","","","USA","","","USA","USA","","","","","No","","Textile Mill","","675246a9c13dc702c60d8073"
"Kingwhale","菁華","Dye and Finish","Active Wear","No","","","","","","","","",""," Taiwan","","","","","","Taiwan","","","Taiwan","Taiwan","","","","","Yes","Yes","Textile Mill","","675246a9c13dc702c60d8076"
"km textile ","","","","No","","","","","","","","",""," china","","","","","","china","","","China","China","","","","","No","","Textile Mill","","675246a9c13dc702c60d8079"
"Konnecting India  (Total Textile Group)","","","","No","","","","","","","","",""," India","","","","","","India","","","India","Inda","","","","","No","","Textile Mill","","675246a9c13dc702c60d807c"
"Konus Slovenia","","","","No","","","","","","","","",""," Slovenia","","","","","","Slovenia","","","Slovenia","Slovenia","","","","","No","","Textile Mill","","675246a9c13dc702c60d807f"
"KPR Mill Limited","","","","No","","","","","","","","",""," India","","","","","","India","","","India","India","","","","","Yes","","Textile Mill","","675246a9c13dc702c60d8082"
"Kuen Long Textile","坤龍紡織","Dye and Finish","","No","","","","","","","","",""," Taiwan","","","","","","Taiwan","","","Taiwan","Taiwan","","","","","Yes","Yes","Textile Mill","","675246a9c13dc702c60d8085"
"Kukdong Corporation","","","","No","","","","","","","","",""," South Korea","","","","","","South Korea","","","South Korea"," South Korea  ","","","","","No","","Textile Mill","","675246a9c13dc702c60d8088"
"Kusumgar Corporates","","","","No","","","","","","","","",""," India","","","","","","India","","","India"," India  ","","","","","Yes","","Textile Mill","","675246a9c13dc702c60d808b"
"kxtextiles.com","","","","No","","","","","","","","",""," USA","","","","","","USA","","","USA"," USA","","","","","No","","Textile Mill","","675246a9c13dc702c60d808e"
"Kyodo International Corporation ASF Group Japan","","","","No","","","","","","","","",""," japan","","","","","","japan","","","Japan"," Japan  ","","","","","No","","Textile Mill","","675246aac13dc702c60d8091"
"LABTEX","","Converter","","Yes","","","","","","","","",""," China","","","","","","China","","","China","China","","","","","Yes","","Textile Mill","","675246aac13dc702c60d8094"
"Laka Enterprise","錩新實業有限公司","Converter","","Yes","","","","","","","","",""," Taiwan","","","","","","Taiwan","","","Taiwan","Taiwan","","","","","Yes","Yes","Textile Mill","","675246aac13dc702c60d8097"
"Lealpell","","","","No","","","","","","","","",""," Italy","","","","","","Italy","","","Italy"," Italy  ","","","","","No","","Textile Mill","","675246aac13dc702c60d809a"
"Lee Ven Industrial Co.","立穩實業有限公司","Converter","","No","","","","","","","","",""," Taiwan","","","","","","Taiwan","","","Taiwan"," Taiwan  ","","","","","No","No","Textile Mill","","675246aac13dc702c60d809d"
"Leigh Fibers","","","","No","","","","","","","","",""," USA","","","","","","USA","","","USA"," USA  ","","","","","No","","Textile Mill","","675246aac13dc702c60d80a0"
"Lekos Dye and Finishing","","","","No","","","","","","","","",""," USA","","","","","","USA","","","USA"," USA  ","","","","","No","","Textile Mill","","675246aac13dc702c60d80a3"
"Lentex S.A.","","","","No","","","","","","","","",""," Poland","","","","","","Poland","","","Poland"," Poland  ","","","","","No","","Textile Mill","","675246aac13dc702c60d80a6"
"Lenzing Fibers","","","","No","","","","","","","","",""," Austria","","","","","","Austria","","","Austria"," Austria","","","","","No","Yes","Textile Mill","","675246aac13dc702c60d80a9"
"Lenzing Group","","","","No","","","","","","","","",""," Austria","","","","","","Austria","","","Austria","Austria","","","","","No","Yes","Textile Mill","","675246aac13dc702c60d80ac"
"LG Hausys","","","","No","","","","","","","","",""," South Korea","","","","","","South Korea","","","South Korea"," South Korea  ","","","","","No","","Textile Mill","","675246aac13dc702c60d80af"
"Li Cheng Enterprise Co.","利勤實業","Converter","","No","","","","","","","","",""," Taiwan","","","","","","Taiwan","","","Taiwan"," Taiwan  ","","","","","Yes","Yes","Textile Mill","","675246aac13dc702c60d80b2"
"Liaoning Shidai Wanheng Co Ltd","","","","No","","","","","","","","",""," china","","","","","","china","","","China"," China  ","","","","","No","","Textile Mill","","675246aac13dc702c60d80b5"
"Liberty Mills Limited","","","","No","","","","","","","","",""," Pakistan","","","","","","Pakistan","","","Pakistan"," Pakistan  ","","","","","Yes","","Textile Mill","","675246aac13dc702c60d80b8"
"Lipeng Taiwan","力鵬","Dye and Finish","","No","","","","","","","","",""," Taiwan","","","","","","Taiwan","","","Taiwan","Taiwan","","","","","Yes","Yes","Textile Mill","","675246aac13dc702c60d80bb"
"LIUQIAO Plume Co.","","","","Yes","","","","","","","","",""," china","","","","","","china","","","China"," China","","","","","No","","Textile Mill","","675246aac13dc702c60d80be"
"Loftex USA","","","","No","","","","","","","","",""," USA","","","","","","USA","","","USA"," USA  ","","","","","No","","Textile Mill","","675246aac13dc702c60d80c1"
"Loongchin Textile Co.","榮洲紡織股份有限公司","Yarn Supplier","","No","","","","","","","","",""," Taiwan","","","","","","Taiwan","","","Taiwan"," Taiwan","","","","","Yes","Yes","Textile Mill","","675246aac13dc702c60d80c4"
"Lucky Textile Mills Limited","","","","No","","","","","","","","",""," Pakistan","","","","","","Pakistan","","","Pakistan"," Pakistan","","","","","Yes","","Textile Mill","","675246aac13dc702c60d80c7"
"Lucky Textiles Group","","","","No","","","","","","","","",""," china","","","","","","china","","","China"," China","","","","","No","","Textile Mill","","675246aac13dc702c60d80ca"
"luckytextiles.cn","","","","No","","","","","","","","",""," china","","","","","","china","","","China"," China","","","","","No","","Textile Mill","","675246aac13dc702c60d80cd"
"Luray Textiles","","","","No","","","","","","","","",""," USA","","","","","","USA","","","USA"," USA","","","","","No","","Textile Mill","","675246aac13dc702c60d80d0"
"lyarintex.com","","","","No","","","","","","","","",""," china","","","","","","china","","","China","China","","","","","No","","Textile Mill","","675246aac13dc702c60d80d3"
"M.K. Sons","","","","No","","","","","","","","",""," Pakistan","","","","","","Pakistan","","","Pakistan"," Pakistan","","","","","Yes","","Textile Mill","","675246aac13dc702c60d80d6"
"Magna Fabrics","","","","No","","","","","","","","",""," USA","","","","","","USA","","","USA"," USA","","","","","No","","Textile Mill","","675246aac13dc702c60d80d9"
"Maheen Textile Mills","","","","No","","","","","","","","",""," Pakistan","","","","","","Pakistan","","","Pakistan"," Pakistan","","","","","Yes","","Textile Mill","","675246aac13dc702c60d80dc"
"Maine Woolens","","","","No","","","","","","","","",""," USA","","","","","","USA","","","USA"," USA","","","","","No","","Textile Mill","","675246aac13dc702c60d80df"
"Makalot","聚陽實業","CMT (Cut and Sew)","","No","","","","","","","","",""," Taiwan","","","","","","Taiwan","","","Taiwan"," Taiwan","","","","","Yes","Yes","Textile Mill","","675246aac13dc702c60d80e2"
"Manchester Mills","","","","No","","","","","","","","",""," USA","","","","","","USA","","","USA"," USA","","","","","No","","Textile Mill","","675246aac13dc702c60d80e5"
"Mansfield Textiles","","","","No","","","","","","","","",""," USA","","","","","","USA","","","USA"," USA","","","","","No","","Textile Mill","","675246abc13dc702c60d80e8"
"Marina Textiles","","","","No","","","","","","","","",""," Canada","","","","","","Canada","","","Canada"," Canada","","","","","No","","Textile Mill","","675246abc13dc702c60d80eb"
"Marlen Textiles","","","","No","","","","","","","","",""," USA","","","","","","USA","","","USA"," USA","","","","","No","","Textile Mill","","675246abc13dc702c60d80ee"
"MAS Innovation (Private) Limited","","","","No","","","","","","","","",""," Sri Lanka","","","","","","Sri Lanka","","","Sri Lanka"," Sri Lanka","","","","","No","","Textile Mill","","675246abc13dc702c60d80f1"
"Massif - Matchmaster - Antex","","","","No","","","","","","","","","","Los Angeles  USA","","","","Los Angeles","","USA","","","USA","USA","","","","","No","","Textile Mill","","675246abc13dc702c60d80f4"
"Master Textile Mills","","","","No","","","","","","","","",""," Pakistan","","","","","","Pakistan","","","Pakistan"," Pakistan","","","","","Yes","","Textile Mill","","675246abc13dc702c60d80f7"
"Match Master Inc./Antex Knitting Mills","","","","No","","","","","","","","",""," USA","","","","","","USA","","","USA"," USA","","","","","No","","Textile Mill","","675246abc13dc702c60d80fa"
"Meichuan Tex Co.","美全","Converter","","No","","","","","","","","",""," Taiwan","","","","","","Taiwan","","","Taiwan","Taiwan","","","","","No","No","Textile Mill","","675246abc13dc702c60d80fd"
"Men-Chuen Fibre Industry Co.","綿春纖維工業股份有限公司","Dye and Finish","Active Wear","No","","","","","","","","",""," Taiwan","","","","","","Taiwan","","","Taiwan"," Taiwan","","","","","Yes","No","Textile Mill","","675246abc13dc702c60d8100"
"Micron Teknik Tekstil","","","","No","","","","","","","","",""," Turkey","","","","","","Turkey","","","Turkey","Turkey","","","","","No","","Textile Mill","","675246abc13dc702c60d8103"
"Midwest Textile Mfg. Corp.","","","","No","","","","","","","","",""," USA","","","","","","USA","","","USA"," USA","","","","","No","","Textile Mill","","675246abc13dc702c60d8106"
"Milliken & Company","","","","No","","","","","","","","",""," USA","","","","","","USA","","","USA"," USA","","","","","No","","Textile Mill","","675246abc13dc702c60d8109"
"MiniFibers Inc.","","","","No","","","","","","","","",""," USA","","","","","","USA","","","USA"," USA","","","","","No","","Textile Mill","","675246abc13dc702c60d810c"
"Minnesota Knitting Mills","","","","No","","","","","","","","",""," USA","","","","","","USA","","","USA"," USA","","","","","No","","Textile Mill","","675246abc13dc702c60d810f"
"MMI Textiles Inc","","","","No","","","","","","","","",""," USA","","","","","","USA","","","USA"," USA","","","","","No","","Textile Mill","","675246abc13dc702c60d8112"
"MOGUL","","","","No","","","","","","","","",""," Turkey","","","","","","Turkey","","","Turkey"," Turkey","","","","","No","","Textile Mill","","675246abc13dc702c60d8115"
"Mohawk Carpet LLC","","","","No","","","","","","","","",""," USA","","","","","","USA","","","USA"," USA","","","","","No","","Textile Mill","","675246abc13dc702c60d8118"
"Mohawk Home","","","","No","","","","","","","","",""," USA","","","","","","USA","","","USA"," USA","","","","","No","","Textile Mill","","675246abc13dc702c60d811b"
"Monterey Mills","","","","No","","","","","","","","",""," USA","","","","","","USA","","","USA"," USA","","","","","No","","Textile Mill","","675246abc13dc702c60d811e"
"Mount Vernon Mills","","","","No","","","","","","","","",""," USA","","","","","","USA","","","USA"," USA","","","","","No","","Textile Mill","","675246abc13dc702c60d8121"
"Murdock Webbing Co.","","","","No","","","","","","","","",""," USA","","","","","","USA","","","USA"," USA","","","","","No","","Textile Mill","","675246abc13dc702c60d8124"
"Mustaqim Dyeing & Printing Industries","","","","No","","","","","","","","",""," Pakistan","","","","","","Pakistan","","","Pakistan"," Pakistan","","","","","Yes","","Textile Mill","","675246abc13dc702c60d8127"
"N-Stars Fashion Co.","惠喬興業股份有限公司","Dye and Finish","","Yes","","","","","","","","",""," Taiwan","","","","","","Taiwan","","","Taiwan","Tawain","","","","","Yes","Yes","Textile Mill","","675246abc13dc702c60d812a"
"Nafees Textile Mills Ltd","","","","No","","","","","","","","",""," Pakistan","","","","","","Pakistan","","","Pakistan"," Pakistan","","","","","No","","Textile Mill","","675246abc13dc702c60d812d"
"Nahar Group","","","","No","","","","","","","","",""," India","","","","","","India","","","India"," India","","","","","No","","Textile Mill","","675246abc13dc702c60d8130"
"Nan Qin Textile Co.","","","","No","","","","","","","","",""," china","","","","","","china","","","China"," China","","","","","No","","Textile Mill","","675246abc13dc702c60d8133"
"Nan Ya Plastics Corporation","南亞塑膠","Yarn Supplier","","No","","","","","","","","",""," Taiwan","","","","","","Taiwan","","","Taiwan","Taiwan","","","","","Yes","Yes","Textile Mill","","675246abc13dc702c60d8136"
"Nanjing Textiles Import & Export Corp","","","","No","","","","","","","","",""," china","","","","","","china","","","China"," China","","","","","No","","Textile Mill","","675246abc13dc702c60d8139"
"Narcote LLC","","","","No","","","","","","","","",""," USA","","","","","","USA","","","USA"," USA","","","","","No","","Textile Mill","","675246abc13dc702c60d813c"
"National Fiber Technology","","","","No","","","","","","","","",""," USA","","","","","","USA","","","USA"," USA","","","","","No","","Textile Mill","","675246abc13dc702c60d813f"
"National Nonwovens Inc.","","","","No","","","","","","","","",""," USA","","","","","","USA","","","USA"," USA","","","","","No","","Textile Mill","","675246abc13dc702c60d8142"
"National Spinning Co.","","","","No","","","","","","","","",""," USA","","","","","","USA","","","USA"," USA","","","","","No","","Textile Mill","","675246abc13dc702c60d8145"
"National Textile Industries","","","","No","","","","","","","","",""," USA","","","","","","USA","","","USA"," USA","","","","","No","","Textile Mill","","675246acc13dc702c60d8148"
"National Velour Corp.","","","","No","","","","","","","","",""," USA","","","","","","USA","","","USA"," USA","","","","","No","","Textile Mill","","675246acc13dc702c60d814b"
"Navajo Fabrics","","","","No","","","","","","","","",""," USA","","","","","","USA","","","USA"," USA","","","","","No","","Textile Mill","","675246acc13dc702c60d814e"
"Nazeer Dyeing And Bleaching","","","","No","","","","","","","","",""," Pakistan","","","","","","Pakistan","","","Pakistan"," Pakistan","","","","","Yes","","Textile Mill","","675246acc13dc702c60d8151"
"Needle Craft for Clothing Industry","","","","No","","","","","","","","",""," USA","","","","","","USA","","","USA"," USA","","","","","No","","Textile Mill","","675246acc13dc702c60d8154"
"Neotex MFG LLC D.B.A StartYourLine","","","","No","","","","","","","","",""," USA","","","","","","USA","","","USA"," USA","","","","","No","","Textile Mill","","675246acc13dc702c60d8157"
"New Wide Enterprise Co.","旭寬企業股份有限公司","Dye and Finish","","Yes","","","","","","","","",""," Taiwan","","","","","","Taiwan","","","Taiwan"," Taiwan","","","","","Yes","Yes","Textile Mill","","675246acc13dc702c60d815a"
"Newtex Industries Inc.","","","","No","","","","","","","","",""," USA","","","","","","USA","","","USA"," USA","","","","","No","","Textile Mill","","675246acc13dc702c60d815d"
"Nien Hsing Textiles","年興紡織","Dye and Finish","Denim","No","","","","","","","","",""," Taiwan","","","","","","Taiwan","","","Taiwan"," Taiwan","","","","","Yes","Yes","Textile Mill","","675246acc13dc702c60d8160"
"Nilit","","","","No","","","","","","","","",""," Israel","","","","","","Israel","","","Israel"," Israel","","","","","No","","Textile Mill","","675246acc13dc702c60d8163"
"Nilit America","","","","No","","","","","","","","",""," USA","","","","","","USA","","","USA"," USA","","","","","No","","Textile Mill","","675246acc13dc702c60d8166"
"Ningbo Pack Imp & Exp Co. Ltd","","","","No","","","","","","","","",""," china","","","","","","china","","","China"," China","","","","","No","","Textile Mill","","675246acc13dc702c60d8169"
"Nishat Mills","","","","No","","","","","","","","",""," Pakistan","","","","","","Pakistan","","","Pakistan"," Pakistan","","","","","Yes","","Textile Mill","","675246acc13dc702c60d816c"
"Nizam Canvas","","","","No","","","","","","","","",""," Pakistan","","","","","","Pakistan","","","Pakistan"," Pakistan","","","","","Yes","","Textile Mill","","675246acc13dc702c60d816f"
"NNK Material Co Ltd","","","","No","","","","","","","","",""," USA","","","","","","USA","","","USA","USA","","","","","No","","Textile Mill","","675246acc13dc702c60d8172"
"Noble Biomaterials","","","","No","","","","","","","","",""," USA","","","","","","USA","","","USA"," USA","","","","","No","","Textile Mill","","675246acc13dc702c60d8175"
"Noyon Lanka","","","","No","","","","","","","","",""," Sri Lanka","","","","","","Sri Lanka","","","Sri Lanka"," Sri Lanka","","","","","No","","Textile Mill","","675246acc13dc702c60d8178"
"NuAngel Inc.","","","","No","","","","","","","","",""," USA","","","","","","USA","","","USA"," USA","","","","","No","","Textile Mill","","675246acc13dc702c60d817b"
"Nuangle","","","","No","","","","","","","","",""," USA","","","","","","USA","","","USA"," USA","","","","","No","","Textile Mill","","675246acc13dc702c60d817e"
"NYP Corp","","","","No","","","","","","","","",""," USA","","","","","","USA","","","USA"," USA","","","","","No","","Textile Mill","","675246acc13dc702c60d8181"
"Occ Apparel","","","","No","","","","","","","","",""," Australia","","","","","","Australia","","","Australia"," Australia","","","","","No","","Textile Mill","","675246acc13dc702c60d8184"
"Ocean Exim India Pvt","","","","No","","","","","","","","",""," India","","","","","","India","","","India"," India","","","","","No","","Textile Mill","","675246acc13dc702c60d8187"
"Ocean State Innovations","","","","No","","","","","","","","",""," USA","","","","","","USA","","","USA"," USA","","","","","No","","Textile Mill","","675246acc13dc702c60d818a"
"Olah Inc","","","","No","","","","","","","","",""," USA","","","","","","USA","","","USA"," USA","","","","","No","","Textile Mill","","675246acc13dc702c60d818d"
"Omniteksas.lt","","","","No","","","","","","","","",""," Lithuania","","","","","","Lithuania","","","Lithuania"," Lithuania","","","","","No","","Textile Mill","","675246acc13dc702c60d8190"
"One Denim Mills Limited","","","","No","","","","","","","","",""," Bangladesh","","","","","","Bangladesh","","","Bangladesh"," Bangladesh","","","","","No","","Textile Mill","","675246acc13dc702c60d8193"
"One Textile","","","","No","","","","","","","","",""," USA","","","","","","USA","","","USA"," USA","","","","","No","","Textile Mill","","675246acc13dc702c60d8196"
"Orientex","東纖精密工業股份有限公司","Dye and Finish","","No","","","","","","","","",""," Taiwan","","","","","","Taiwan","","","Taiwan"," Taiwan","","","","","No","No","Textile Mill","","675246acc13dc702c60d8199"
"OTEX Specialty Narrow Fabrics","","","","No","","","","","","","","",""," USA","","","","","","USA","","","USA"," USA","","","","","No","","Textile Mill","","675246acc13dc702c60d819c"
"P Kaufmann Inc","","","","No","","","","","","","","",""," USA","","","","","","USA","","","USA"," USA","","","","","No","","Textile Mill","","675246acc13dc702c60d819f"
"Pac-Fung Feather Company Limited","","","","No","","","","","","","","",""," Hong Kong","","","","","","Hong Kong","","","Hong Kong"," Hong Kong","","","","","No","","Textile Mill","","675246acc13dc702c60d81a2"
"Palmetto Synthetics","","","","No","","","","","","","","",""," USA","","","","","","USA","","","USA"," USA","","","","","No","","Textile Mill","","675246adc13dc702c60d81a5"
"Panyu WEIHE Embroidery Co.","","","","No","","","","","","","","",""," china","","","","","","china","","","China"," China","","","","","No","","Textile Mill","","675246adc13dc702c60d81a8"
"Parkdale Mills","","","","No","","","","","","","","",""," USA","","","","","","USA","","","USA"," USA","","","","","No","","Textile Mill","","675246adc13dc702c60d81ab"
"Paul Textiles & Towel Industries","","","","No","","","","","","","","",""," Pakistan","","","","","","Pakistan","","","Pakistan"," Pakistan","","","","","No","","Textile Mill","","675246adc13dc702c60d81ae"
"PERFECT TEXTILE CO.","健蓁股份有限公司","","","No","","","","","","","","",""," china","","","","","","china","","","China"," China","","","","","No","","Textile Mill","","675246adc13dc702c60d81b1"
"PERTEX","","","","No","","","","","","","","",""," UK","","","","","","UK","","","Turkey"," UK","","","","","No","","Textile Mill","","675246adc13dc702c60d81b4"
"Phifer Inc","","","","No","","","","","","","","",""," USA","","","","","","USA","","","USA"," USA","","","","","No","","Textile Mill","","675246adc13dc702c60d81b7"
"Phoenix Textiles Industries Inc","","","","No","","","","","","","","",""," USA","","","","","","USA","","","USA"," USA","","","","","No","","Textile Mill","","675246adc13dc702c60d81ba"
"PHP Fibers Inc.","","","","No","","","","","","","","",""," USA","","","","","","USA","","","USA"," USA","","","","","No","","Textile Mill","","675246adc13dc702c60d81bd"
"Pinnacle Textile Industries","","","","No","","","","","","","","",""," USA","","","","","","USA","","","USA"," USA","","","","","No","","Textile Mill","","675246adc13dc702c60d81c0"
"Polartec","","","","No","","","","","","","","",""," USA","","","","","","USA","","","USA"," USA","","","","","No","","Textile Mill","","675246adc13dc702c60d81c3"
"Poole Company","","","","No","","","","","","","","",""," USA","","","","","","USA","","","USA"," USA","","","","","No","","Textile Mill","","675246adc13dc702c60d81c6"
"Poole Company","","","","No","","","","","","","","",""," USA","","","","","","USA","","","USA"," USA","","","","","No","","Textile Mill","","675246adc13dc702c60d81c9"
"Precision Fabrics Group","","","","No","","","","","","","","",""," USA","","","","","","USA","","","USA"," USA","","","","","No","","Textile Mill","","675246adc13dc702c60d81cc"
"Precision Fabrics Group","","","","No","","","","","","","","",""," USA","","","","","","USA","","","USA"," USA","","","","","No","","Textile Mill","","675246adc13dc702c60d81cf"
"Preferred Finishing","","","","No","","","","","","","","",""," India","","","","","","India","","","India","India","","","","","No","","Textile Mill","","675246adc13dc702c60d81d2"
"Premier Mills Private Limited","","","","No","","","","","","","","",""," India","","","","","","India","","","India"," India","","","","","Yes","","Textile Mill","","675246adc13dc702c60d81d5"
"Pride Performance Fabrics S.A. de C.V.","","","","No","","","","","","","","",""," Honduras","","","","","","Honduras","","","Honduras","Honduras","","","","","No","","Textile Mill","","675246adc13dc702c60d81de"
"Prima-Tex Industries","","","","No","","","","","","","","","","California  USA","","","","California","","USA","","","USA","USA","","","","","No","","Textile Mill","","675246adc13dc702c60d81e1"
"PrimaLoft","","","","No","","","","","","","","",""," USA","","","","","","USA","","","USA"," USA","","","","","No","","Textile Mill","","675246adc13dc702c60d81e4"
"Prosperity Textile","","","","No","","","","","","","","",""," china","","","","","","china","","","China"," China","","","","","No","","Textile Mill","","675246adc13dc702c60d81ea"
"PT INDO TAICHEN TEXTILE INDUSTRY","","","","No","","","","","","","","",""," Indonesia","","","","","","Indonesia","","","Indonesia"," Indonesia","","","","","No","","Textile Mill","","675246adc13dc702c60d81f0"
"PT INDO TAICHEN TEXTILE INDUSTRY","","","","No","","","","","","","","",""," Indonesia","","","","","","Indonesia","","","Indonesia"," Indonesia","","","","","No","","Textile Mill","","675246adc13dc702c60d81f3"
"qsftex.com","","","","No","","","","","","","","",""," china","","","","","","china","","","China","China","","","","","No","","Textile Mill","","675246adc13dc702c60d81f6"
"Raspberry Creek Fabrics","","","","No","","","","","","","","",""," USA","","","","","","USA","","","USA"," USA","","","","","No","","Textile Mill","","675246adc13dc702c60d81f9"
"Raspberry Creek Fabrics","","","","No","","","","","","","","",""," USA","","","","","","USA","","","USA"," USA","","","","","No","","Textile Mill","","675246adc13dc702c60d81fc"
"reda.it","","","","No","","","","","","","","",""," Italy","","","","","","Italy","","","Italy","Italy","","","","","No","","Textile Mill","","675246adc13dc702c60d81ff"
"Vichamptex","維倉實業有限公司","Converter","","No","","","","","","","","",""," Taiwan","","","","","","Taiwan","","","Taiwan","Taiwan","","","","","No","No","Textile Mill","","675246adc13dc702c60d8202"
"Victorlong (Textile) Co.","維隆貿易股份有限公司","","","No","","","","","","","","",""," china","","","","","","china","","","China"," China","","","","","No","","Textile Mill","","675246adc13dc702c60d8205"
"Victorytex International Co.","泰昇貿易股份有限公司","Converter","","No","","","","","","","","",""," Taiwan","","","","","","Taiwan","","","Taiwan"," Taiwan","","","","","No","No","Textile Mill","","675246adc13dc702c60d8208"
"Warwick Mills","","","","No","","","","","","","","",""," USA","","","","","","USA","","","USA"," USA","","","","","No","","Textile Mill","","675246aec13dc702c60d820b"
"Wazoodle Fabrics","","","","No","","","","","","","","",""," USA","","","","","","USA","","","USA"," USA","","","","","No","","Textile Mill","","675246aec13dc702c60d820e"
"Welspun Group","","","","No","","","","","","","","",""," India","","","","","","India","","","India"," India","","","","","Yes","","Textile Mill","","675246aec13dc702c60d8211"
"Wen Feng Textile","家竹股份有限公司","","","No","","","","","","","","",""," china","","","","","","china","","","China"," China","","","","","No","","Textile Mill","","675246aec13dc702c60d8214"
"Western Filament","","","","No","","","","","","","","",""," USA","","","","","","USA","","","USA"," USA","","","","","No","","Textile Mill","","675246aec13dc702c60d8217"
"WestPoint Home","","","","No","","","","","","","","",""," USA","","","","","","USA","","","USA"," USA","","","","","No","","Textile Mill","","675246aec13dc702c60d821a"
"WidePlus International Co.","東紡","Dye and Finish","","No","","","","","","","","",""," Taiwan","","","","","","Taiwan","","","Taiwan"," Taiwan","","","","","Yes","Yes","Textile Mill","","675246aec13dc702c60d821d"
"Win-Textile.com","","","","No","","","","","","","","",""," Indonesia","","","","","","Indonesia","","","Indonesia","Indonesia","","","","","No","","Textile Mill","","675246aec13dc702c60d8220"
"Winnitex","","","","No","","","","","","","","",""," china","","","","","","china","","","China"," China","","","","","No","","Textile Mill","","675246aec13dc702c60d8223"
"Wm. T. Burnett & Co. - Nonwoven Division","","","","No","","","","","","","","",""," USA","","","","","","USA","","","USA"," USA","","","","","No","","Textile Mill","","675246aec13dc702c60d8226"
"Wolfe Dye & Bleach Works","","","","No","","","","","","","","",""," USA","","","","","","USA","","","USA"," USA","","","","","No","","Textile Mill","","675246aec13dc702c60d8229"
"Wolfe Textiles","","","","No","","","","","","","","",""," USA","","","","","","USA","","","USA"," USA","","","","","No","","Textile Mill","","675246aec13dc702c60d822c"
"Wolketech (HK) Company Ltd.","","","","No","","","","","","","","",""," Hong Kong","","","","","","Hong Kong","","","Hong Kong","Hong Kong","","","","","No","","Textile Mill","","675246aec13dc702c60d822f"
"Woojoo Global","","","","No","","","","","","","","",""," Korea","","","","","","Korea","","","Korea","Korea","","","","","No","","Textile Mill","","675246aec13dc702c60d8232"
"Wu Luen Knitting Group Co Ltd","五綸織造股份有限公司","Dye and Finish","","No","","","","","","","","",""," Taiwan","","","","","","Taiwan","","","Taiwan"," Taiwan","","","","","No","No","Textile Mill","","675246aec13dc702c60d8235"
"Wuyang Socks","","","","No","","","","","","","","",""," China","","","","","","China","","","China","China","","","","","No","","Textile Mill","","675246aec13dc702c60d8238"
"Xiamen Waydao Technology & Int’l Trading","","","","No","","","","","","","","",""," china","","","","","","china","","","China"," China","","","","","No","","Textile Mill","","675246aec13dc702c60d823b"
"Xymid","","","","No","","","","","","","","","","Virginia  USA","","","","Virginia","","USA","","","USA"," USA","","","","","No","","Textile Mill","","675246aec13dc702c60d823e"
"YA CHAMPION INDUSTRIAL CO.","雅昌實業股份有限公司","Converter","","No","","","","","","","","",""," Taiwan","","","","","","Taiwan","","","Taiwan"," Taiwan","","","","","Yes","Yes","Textile Mill","","675246aec13dc702c60d8241"
"YI TING NON-WOVEN CO.","易廷企業有限公司","Converter","","No","","","","","","","","",""," Taiwan","","","","","","Taiwan","","","Taiwan","Taiwan","","","","","No","No","Textile Mill","","675246aec13dc702c60d8244"
"Yu Yuang Textile Co.","裕源紡織","Dye and Finish","Active Wear","Yes","","","","","","","","",""," Taiwan","","","","","","Taiwan","","","Taiwan","China","","","","","Yes","Yes","Textile Mill","","675246aec13dc702c60d8247"
"Yuan Chan Textile Co.","源展紡織有限公司","Converter","","No","","","","","","","","",""," Taiwan","","","","","","Taiwan","","","Taiwan","Taiwan","","","","","Yes","Yes","Textile Mill","","675246aec13dc702c60d824a"
"Yuan Fei 源飛","","","","No","","","","","","","","","","Hong Kong ","Hong Kong","","","","","","","","Hong Kong","Hong Kong","","","","","No","","Textile Mill","","675246aec13dc702c60d824d"
"YUAN LI CHIA ENTERPRISE CO.","元麗嘉企業有限公司","Converter","","No","","","","","","","","",""," Taiwan","","","","","","Taiwan","","","Taiwan","Taiwan","","","","","Yes","Yes","Textile Mill","","675246aec13dc702c60d8250"
"YUAN PEING APPLIED MATERIAL CO.","源鵬應用材料","Converter","","No","","","","","","","","",""," Taiwan","","","","","","Taiwan","","","Taiwan","Taiwan","","","","","Yes","Yes","Textile Mill","","675246aec13dc702c60d8253"
"Yuantex Co Ltd","源懋興業股份有限公司","Converter","","No","","","","","","","","",""," Taiwan","","","","","","Taiwan","","","Taiwan","Taiwan","","","","","No","No","Textile Mill","","675246aec13dc702c60d8256"
"Yuchunhome.com","","","","No","","","","","","","","",""," china","","","","","","china","","","China","China","","","","","No","","Textile Mill","","675246aec13dc702c60d8259"
"Yuen Foong Yu Consumer Products","永豐餘","Paper Mill","","No","","","","","","","","",""," Taiwan","","","","","","Taiwan","","","Taiwan"," Taiwan","","","","","Yes","Yes","Textile Mill","","675246aec13dc702c60d825c"
"Yuen Fung Garment","","","","No","","","","","","","","",""," Hong Kong","","","","","","Hong Kong","","","Hong Kong"," Hong Kong","","","","","No","","Textile Mill","","675246afc13dc702c60d825f"
"Yunus Textile Mills Limited","","","","No","","","","","","","","",""," Pakistan","","","","","","Pakistan","","","Pakistan"," Pakistan","","","","","Yes","","Textile Mill","","675246afc13dc702c60d8262"
"Zhangjiagange-King Textile Co.","","","","No","","","","","","","","",""," china","","","","","","china","","","China"," China","","","","","No","","Textile Mill","","675246afc13dc702c60d8265"
"Zhejiang Texwell Textile Co.","浙江得伟科技股份有限公司","Converter","","Yes","","","","","","","","",""," china","","","","","","china","","","China"," China","","","","","No","","Textile Mill","","675246afc13dc702c60d826b"
"Zig Sheng Industrial Co.","集盛實業","Yarn Supplier","","No","","","","","","","","",""," Taiwan","","","","","","Taiwan","","","Taiwan"," Taiwan","","","","","No","No","Textile Mill","","675246afc13dc702c60d826e"
"ZTK Teofilów S.A.","","","","No","","","","","","","","",""," Poland","","","","","","Poland","","","Poland"," Poland","","","","","No","","Textile Mill","","675246afc13dc702c60d8271"
"ZYDY Industrial Co.","鉅力實業股份有限公司","Converter","","No","","","","","","","","",""," Taiwan","","","","","","Taiwan","","","Taiwan","Taiwan","","","","","No","No","Textile Mill","","675246afc13dc702c60d8274"
"Bodynits","","","","No","","","","","","","","",""," Vietnam","","","","","","Vietnam","","","Vietnam","Vietnam","","","","","Yes","","CMT (Cut and Sew)","","675246afc13dc702c60d8277"
"Goudarzi Garment Factory","","","","No","","","","","","","","",""," USA","","","","","","USA","","","USA","USA","","","","","No","","CMT (Cut and Sew)","","675246b0c13dc702c60d827a"
"Longson Active Apparel Group","","CMT (Cut and Sew)","","Yes","","","","","","","","",""," china","","","","","","china","","","China","China","","","","","Yes","","CMT (Cut and Sew)","","675246b0c13dc702c60d827d"
"TSC","","","","No","","","","","","","","",""," Peru","","","","","","Peru","","","Peru","Peru","","","","","No","","CMT (Cut and Sew)","","675246b0c13dc702c60d8280"
"GSR Global","","","","No","","","","","","","","",""," Vietnam","","","","","","Vietnam","","","Vietnam","Vietnam","","","","","No","","CMT (Cut and Sew)","","675246b0c13dc702c60d8283"
"Hela Apparel Holdings","","","","No","","","","","","","","",""," Hong Kong","","","","","","Hong Kong","","","Hong Kong","Hong Kong","","","","","No","","CMT (Cut and Sew)","","675246b0c13dc702c60d8286"
"Li & Fung Sourcing","","","","No","","","","","","","","",""," Hong Kong","","","","","","Hong Kong","","","Hong Kong","Hong Kong","","","","","No","","Sourcing Agent","","675246b0c13dc702c60d8289"
"J&J Dyestuff Industry Co., Ltd","","Distributor","","Yes","","","","","Tandy","","Tandy","",""," china","","","","","","china","","","China","China","","","","","No","","","","6759b2e16f032002b714014d"
"Ton Link Textile International Co., LTD","統苓國際企業有限公","Distributor","","Yes","","","","","Tina","","Tina","",""," china","","","","","","china","","","China","China","","","","","No","","","","6759b3dffaed0e02dbfa9ac2"
"Chai Fung Enterprise Co., Ltd","彩坊企業股份有限公司","Distributor","","Yes","","","","","Tina","","Tina","",""," Taiwan","","","","","","Taiwan","","","Taiwan","Taiwan","","","","","Yes","Yes","","","6759ba5d98200c030c987247"
"Chia Her Industrial","","Dye and Finish","","Yes","","","","","Tina","","Tina","",""," china","","","","","","china","","","China","China","","","","","Yes","","","","6759bbb9faed0e02dbfac46a"
"Ho Yu Textile Co., Ltd","","Dye and Finish","","Yes","","","","","Tina","","Tina","",""," China","","","","","","China","","","China","China","","","","","Yes","","","","6759be1b03295b02feebb1f6"
"Upright Tex Co., Ltd","","Converter","","Yes","","","","","Tina","","Tina","",""," china","","","","","","china","","","China","China","","","","","Yes","","","","6759be7165951002ba59c248"
"Cheng Loong Paper Mill","","Paper Mill","","Yes","","","","","Tina","","Tina","",""," China","","","","","","China","","","China","China","","","","","No","","","","6759bef9c94e4802aee77c2d"
"Weiju","","Converter","","Yes","","","","","Tina","","Tina","",""," china","","","","","","china","","","China","China","","","","","Yes","","","","6759bf505d85d80302d96c64"
"Gwan Min Enterprise","廣銘企業股份有限公司","Dye and Finish","","Yes","","","","","Tina","","Tina","",""," China","","","","","","China","","","China","China","","","","","Yes","","","","6759bfa25d85d80302d96e21"
"P.T. Co., Ltd","寶結","Dye and Finish","","Yes","","","","","Tina","","Tina","",""," Taiwan","","","","","","Taiwan","","","Taiwan","Taiwan","","","","","Yes","Yes","","","6759c038faed0e02dbfadc58"
"GD Sun Win","","Converter","Intimates","No","","","","","Tina","","Tina","",""," china","","","","","","china","","","China","Taiwan","","","","","No","","","","6759c3de68f68802f2c00898"
"A.A Fabrics","","","","No","","","","","","","","","","","","","","","","","","","Pakistan","","","","","","No","","","","676081b0c5f52e02c8b68a9b"
"A.M Knitwear","","","","No","","","","","","","","","","","","","","","","","","","Pakistan","","","","","","No","","","","676081b0c5f52e02c8b68a9e"
"Aala Processing","","","","No","","","","","","","","","","","","","","","","","","","Pakistan","","","","","","No","","","","676081b0c5f52e02c8b68aa1"
"Abdur Rehman Corporation","","","","No","","","","","","","","","","","","","","","","","","","Pakistan","","","","","","Yes","","","","676081b0c5f52e02c8b68aa4"
"Abu Bakar Anees","","","","No","","","","","","","","","","","","","","","","","","","Pakistan","","","","","","No","","","","676081b0c5f52e02c8b68aa7"
"Adnan Apparel","","","","No","","","","","","","","","","","","","","","","","","","Pakistan","","","","","","No","","","","676081b0c5f52e02c8b68aaa"
"Afroze Textile Industries","","","","No","","","","","","","","","","","","","","","","","","","Pakistan","","","","","","Yes","","","","676081b0c5f52e02c8b68aad"
"AI-Badar Dyeing","","","","No","","","","","","","","","","","","","","","","","","","Pakistan","","","","","","No","","","","676081b0c5f52e02c8b68ab0"
"AI-Gilaan Textile","","","","No","","","","","","","","","","","","","","","","","","","Pakistan","","","","","","No","","","","676081b0c5f52e02c8b68ab3"
"Ajwa Textile","","","","No","","","","","","","","","","","","","","","","","","","Pakistan","","","","","","Yes","","","","676081b0c5f52e02c8b68ab6"
"AL- Gilani Industries","","","","No","","","","","","","","","","","","","","","","","","","Pakistan","","","","","","No","","","","676081b0c5f52e02c8b68ab9"
"Al- Haram Textile","","","","No","","","","","","","","","","","","","","","","","","","Pakistan","","","","","","No","","","","676081b0c5f52e02c8b68abc"
"Al Makkah Exports","","","","No","","","","","","","","","","","","","","","","","","","Pakistan","","","","","","No","","","","676081b0c5f52e02c8b68abf"
"Al-Hamad Dyeing","","","","No","","","","","","","","","","","","","","","","","","","Pakistan","","","","","","No","","","","676081b0c5f52e02c8b68ac2"
"Ali Awais Textile","","","","No","","","","","","","","","","","","","","","","","","","Pakistan","","","","","","No","","","","676081b0c5f52e02c8b68ac5"
"Ali Textile","","","","No","","","","","","","","","","","","","","","","","","","Pakistan","","","","","","No","","","","676081b0c5f52e02c8b68ac8"
"Alkaram","","","","No","","","","","","","","","","","","","","","","","","","Pakistan","","","","","","Yes","","","","676081b0c5f52e02c8b68acb"
"Al-Karam Textile","","","","No","","","","","","","","","","","","","","","","","","","Pakistan","","","","","","No","","","","676081b0c5f52e02c8b68ace"
"Al-Rauf Textile","","","","No","","","","","","","","","","","","","","","","","","","Pakistan","","","","","","No","","","","676081b0c5f52e02c8b68ad1"
"Al-Rehmat  Dyeing","","","","No","","","","","","","","","","","","","","","","","","","Pakistan","","","","","","No","","","","676081b0c5f52e02c8b68ad4"
"Alrihim Towels","","","","No","","","","","","","","","","","","","","","","","","","Pakistan","","","","","","Yes","","","","676081b0c5f52e02c8b68ad7"
"AM Tex","","","","No","","","","","","","","","","","","","","","","","","","Pakistan","","","","","","No","","","","676081b0c5f52e02c8b68ada"
"Ammar Bilal Textile","","","","No","","","","","","","","","","","","","","","","","","","Pakistan","","","","","","Yes","","","","676081b0c5f52e02c8b68add"
"Artistic Mills","","","","No","","","","","","","","","","","","","","","","","","","Pakistan","","","","","","Yes","","","","676081b0c5f52e02c8b68ae0"
"Arzoo Textile","","","","No","","","","","","","","","","","","","","","","","","","Pakistan","","","","","","No","","","","676081b0c5f52e02c8b68ae3"
"Ayesha Knitwear","","","","No","","","","","","","","","","","","","","","","","","","Pakistan","","","","","","No","","","","676081b1c5f52e02c8b68ae6"
"Ayesha Socks","","","","No","","","","","","","","","","","","","","","","","","","Pakistan","","","","","","No","","","","676081b1c5f52e02c8b68ae9"
"Ayesha Spinning","","","","No","","","","","","","","","","","","","","","","","","","Pakistan","","","","","","Yes","","","","676081b1c5f52e02c8b68aec"
"Ayesha Textile Processing","","","","No","","","","","","","","","","","","","","","","","","","Pakistan","","","","","","Yes","","","","676081b1c5f52e02c8b68aef"
"A-Z Apparel","","","","No","","","","","","","","","","","","","","","","","","","Pakistan","","","","","","No","","","","676081b1c5f52e02c8b68af2"
"Bao Jee Textile","","","","No","","","","","","","","","","","","","","","","","","","Pakistan","","","","","","No","","","","676081b1c5f52e02c8b68af5"
"Bari Textile Mills","","","","No","","","","","","","","","","","","","","","","","","","Pakistan","","","","","","No","","","","676081b1c5f52e02c8b68af8"
"Beacon Impex","","","","No","","","","","","","","","","","","","","","","","","","Pakistan","","","","","","Yes","","","","676081b1c5f52e02c8b68afb"
"Bills Inc","","","","No","","","","","","","","","","","","","","","","","","","Pakistan","","","","","","Yes","","","","676081b1c5f52e02c8b68afe"
"Bismillah Fabrics","","","","No","","","","","","","","","","","","","","","","","","","Pakistan","","","","","","No","","","","676081b1c5f52e02c8b68b01"
"Bissmillah Washing","","","","No","","","","","","","","","","","","","","","","","","","Pakistan","","","","","","No","","","","676081b1c5f52e02c8b68b04"
"Classic Hoisery","","","","No","","","","","","","","","","","","","","","","","","","Pakistan","","","","","","No","","","","676081b1c5f52e02c8b68b07"
"Combined Fabrics","","","","No","","","","","","","","","","","","","","","","","","","Pakistan","","","","","","No","","","","676081b1c5f52e02c8b68b0a"
"Crescent Bahum Ltd","","","","No","","","","","","","","","","","","","","","","","","","Pakistan","","","","","","Yes","","","","676081b2c5f52e02c8b68b0d"
"Crescent Textile","","","","No","","","","","","","","","","","","","","","","","","","Pakistan","","","","","","Yes","","","","676081b2c5f52e02c8b68b10"
"Crestex","","","","No","","","","","","","","","","","","","","","","","","","Pakistan","","","","","","Yes","","","","676081b2c5f52e02c8b68b13"
"Dawood Export","","","","No","","","","","","","","","","","","","","","","","","","Pakistan","","","","","","Yes","","","","676081b2c5f52e02c8b68b16"
"DGM Factory","","","","No","","","","","","","","","","","","","","","","","","","Pakistan","","","","","","Yes","","","","676081b2c5f52e02c8b68b19"
"Diamond Denim","","","","No","","","","","","","","","","","","","","","","","","","Pakistan","","","","","","Yes","","","","676081b2c5f52e02c8b68b1c"
"Diamond Fabrics","","","","No","","","","","","","","","","","","","","","","","","","Pakistan","","","","","","Yes","","","","676081b3c5f52e02c8b68b1f"
"Dry -  X ","","","","No","","","","","","","","","","","","","","","","","","","Pakistan","","","","","","No","","","","676081b3c5f52e02c8b68b22"
"Dynamic","","","","No","","","","","","","","","","","","","","","","","","","Pakistan","","","","","","Yes","","","","676081b3c5f52e02c8b68b25"
"Ezza Processing","","","","No","","","","","","","","","","","","","","","","","","","Pakistan","","","","","","No","","","","676081b3c5f52e02c8b68b29"
"Fabnit","","","","No","","","","","","","","","","","","","","","","","","","Pakistan","","","","","","No","","","","676081b3c5f52e02c8b68b2e"
"Fashion & Trend Mills","","","","No","","","","","","","","","","","","","","","","","","","Pakistan","","","","","","No","","","","676081b3c5f52e02c8b68b31"
"Feroze 1888","","","","No","","","","","","","","","","","","","","","","","","","Pakistan","","","","","","Yes","","","","676081b3c5f52e02c8b68b34"
"Five Star","","","","No","","","","","","","","","","","","","","","","","","","Pakistan","","","","","","No","","","","676081b3c5f52e02c8b68b37"
"Globe Dyeing","","","","No","","","","","","","","","","","","","","","","","","","Pakistan","","","","","","No","","","","676081b3c5f52e02c8b68b3a"
"H. Siddique","","","","No","","","","","","","","","","","","","","","","","","","Pakistan","","","","","","No","","","","676081b3c5f52e02c8b68b3d"
"Habib Printing","","","","No","","","","","","","","","","","","","","","","","","","Pakistan","","","","","","No","","","","676081b3c5f52e02c8b68b40"
"Haroon Corporation","","","","No","","","","","","","","","","","","","","","","","","","Pakistan","","","","","","No","","","","676081b3c5f52e02c8b68b43"
"Haroon Printing Mills","","","","No","","","","","","","","","","","","","","","","","","","Pakistan","","","","","","No","","","","676081b3c5f52e02c8b68b46"
"Hila/ Textile","","","","No","","","","","","","","","","","","","","","","","","","Pakistan","","","","","","No","","","","676081b3c5f52e02c8b68b49"
"Indus Home","","","","No","","","","","","","","","","","","","","","","","","","Pakistan","","","","","","Yes","","","","676081b3c5f52e02c8b68b4c"
"J.R. Printing","","","","No","","","","","","","","","","","","","","","","","","","Pakistan","","","","","","Yes","","","","676081b3c5f52e02c8b68b4f"
"JK Group","","","","No","","","","","","","","","","","","","","","","","","","Pakistan","","","","","","Yes","","","","676081b3c5f52e02c8b68b52"
"Kamal Textile","","","","No","","","","","","","","","","","","","","","","","","","Pakistan","","","","","","No","","","","676081b3c5f52e02c8b68b55"
"Karim Enterprises","","","","No","","","","","","","","","","","","","","","","","","","Pakistan","","","","","","No","","","","676081b3c5f52e02c8b68b58"
"Kay & Emms","","","","No","","","","","","","","","","","","","","","","","","","Pakistan","","","","","","No","","","","676081b3c5f52e02c8b68b5b"
"Khawaja Cottaon","","","","No","","","","","","","","","","","","","","","","","","","Pakistan","","","","","","No","","","","676081b3c5f52e02c8b68b5e"
"Khawajja Nassru Din","","","","No","","","","","","","","","","","","","","","","","","","Pakistan","","","","","","No","","","","676081b3c5f52e02c8b68b61"
"Lahore Dyeing","","","","No","","","","","","","","","","","","","","","","","","","Pakistan","","","","","","Yes","","","","676081b4c5f52e02c8b68b64"
"Lazenda Denium","","","","No","","","","","","","","","","","","","","","","","","","Pakistan","","","","","","No","","","","676081b4c5f52e02c8b68b67"
"M.A Processing","","","","No","","","","","","","","","","","","","","","","","","","Pakistan","","","","","","No","","","","676081b4c5f52e02c8b68b6a"
"M.R. Industries","","","","No","","","","","","","","","","","","","","","","","","","Pakistan","","","","","","No","","","","676081b4c5f52e02c8b68b6d"
"Madni Dyeing & Printing Mills","","","","No","","","","","","","","","","","","","","","","","","","Pakistan","","","","","","No","","","","676081b4c5f52e02c8b68b70"
"Master Dyeing","","","","No","","","","","","","","","","","","","","","","","","","Pakistan","","","","","","No","","","","676081b4c5f52e02c8b68b73"
"Minzi Apparel","","","","No","","","","","","","","","","","","","","","","","","","Pakistan","","","","","","No","","","","676081b4c5f52e02c8b68b76"
"Modero Fabrics","","","","No","","","","","","","","","","","","","","","","","","","Pakistan","","","","","","No","","","","676081b4c5f52e02c8b68b79"
"Moon Textile","","","","No","","","","","","","","","","","","","","","","","","","Pakistan","","","","","","No","","","","676081b4c5f52e02c8b68b7c"
"Muhammadi Dyeing","","","","No","","","","","","","","","","","","","","","","","","","Pakistan","","","","","","No","","","","676081b4c5f52e02c8b68b7f"
"Naveena Textile","","","","No","","","","","","","","","","","","","","","","","","","Pakistan","","","","","","No","","","","676081b4c5f52e02c8b68b82"
"Needle Point ","","","","No","","","","","","","","","","","","","","","","","","","Pakistan","","","","","","No","","","","676081b4c5f52e02c8b68b85"
"Nimra","","","","No","","","","","","","","","","","","","","","","","","","Pakistan","","","","","","Yes","","","","676081b4c5f52e02c8b68b88"
"Nishat Chunian","","","","No","","","","","","","","","","","","","","","","","","","Pakistan","","","","","","Yes","","","","676081b4c5f52e02c8b68b8b"
"Nishat Mills Ltd","","","","No","","","","","","","","","","","","","","","","","","","Pakistan","","","","","","Yes","","","","676081b4c5f52e02c8b68b8e"
"Nloderno Fabrics ","","","","No","","","","","","","","","","","","","","","","","","","Pakistan","","","","","","No","","","","676081b4c5f52e02c8b68b91"
"Noor Fatima Fabrics","","","","No","","","","","","","","","","","","","","","","","","","Pakistan","","","","","","No","","","","676081b4c5f52e02c8b68b94"
"Noor Fatima Textile Processing","","","","No","","","","","","","","","","","","","","","","","","","Pakistan","","","","","","No","","","","676081b4c5f52e02c8b68b97"
"Pak Watan Textile","","","","No","","","","","","","","","","","","","","","","","","","Pakistan","","","","","","No","","","","676081b4c5f52e02c8b68b9a"
"Panjtan Textile","","","","No","","","","","","","","","","","","","","","","","","","Pakistan","","","","","","Yes","","","","676081b4c5f52e02c8b68b9d"
"Rafiq Processing ","","","","No","","","","","","","","","","","","","","","","","","","Pakistan","","","","","","Yes","","","","676081b4c5f52e02c8b68ba0"
"Rasheed Fabrics","","","","No","","","","","","","","","","","","","","","","","","","Pakistan","","","","","","No","","","","676081b4c5f52e02c8b68ba3"
"Rustam Towels","","","","No","","","","","","","","","","","","","","","","","","","Pakistan","","","","","","Yes","","","","676081b4c5f52e02c8b68ba6"
"S.A. Socks ","","","","No","","","","","","","","","","","","","","","","","","","Pakistan","","","","","","Yes","","","","676081b4c5f52e02c8b68ba9"
"Sadaqat Corporation","","","","No","","","","","","","","","","","","","","","","","","","Pakistan","","","","","","Yes","","","","676081b4c5f52e02c8b68bac"
"Saddique Sons Printing & Dyeing","","","","No","","","","","","","","","","","","","","","","","","","Pakistan","","","","","","No","","","","676081b4c5f52e02c8b68baf"
"Sahib Textile","","","","No","","","","","","","","","","","","","","","","","","","Pakistan","","","","","","Yes","","","","676081b4c5f52e02c8b68bb2"
"Samad Apparel","","","","No","","","","","","","","","","","","","","","","","","","Pakistan","","","","","","No","","","","676081b4c5f52e02c8b68bb5"
"Sapphire","","","","No","","","","","","","","","","","","","","","","","","","Pakistan","","","","","","Yes","","","","676081b4c5f52e02c8b68bb8"
"Shahkam Industries","","","","No","","","","","","","","","","","","","","","","","","","Pakistan","","","","","","Yes","","","","676081b4c5f52e02c8b68bbb"
"Shahraj Fabrics","","","","No","","","","","","","","","","","","","","","","","","","Pakistan","","","","","","No","","","","676081b4c5f52e02c8b68bbe"
"Sitara Textile","","","","No","","","","","","","","","","","","","","","","","","","Pakistan","","","","","","Yes","","","","676081b4c5f52e02c8b68bc1"
"Sonic Dyeing & Finishing Mills","","","","No","","","","","","","","","","","","","","","","","","","Pakistan","","","","","","No","","","","676081b4c5f52e02c8b68bc4"
"Sonic Knitwear  Industries","","","","No","","","","","","","","","","","","","","","","","","","Pakistan","","","","","","No","","","","676081b4c5f52e02c8b68bc7"
"Stylers International","","","","No","","","","","","","","","","","","","","","","","","","Pakistan","","","","","","No","","","","676081b4c5f52e02c8b68bca"
"Stylers Plus","","","","No","","","","","","","","","","","","","","","","","","","Pakistan","","","","","","No","","","","676081b4c5f52e02c8b68bcd"
"Tahir Towel","","","","No","","","","","","","","","","","","","","","","","","","Pakistan","","","","","","No","","","","676081b4c5f52e02c8b68bd0"
"Tex/ink","","","","No","","","","","","","","","","","","","","","","","","","Pakistan","","","","","","No","","","","676081b5c5f52e02c8b68bd3"
"Texture Textile","","","","No","","","","","","","","","","","","","","","","","","","Pakistan","","","","","","Yes","","","","676081b5c5f52e02c8b68bd6"
"The National Rayon & Silk Mills","","","","No","","","","","","","","","","","","","","","","","","","Pakistan","","","","","","No","","","","676081b5c5f52e02c8b68bd9"
"Three Star","","","","No","","","","","","","","","","","","","","","","","","","Pakistan","","","","","","Yes","","","","676081b5c5f52e02c8b68bdc"
"Tripod Textile Chemical","","","","No","","","","","","","","","","","","","","","","","","","Pakistan","","","","","","Yes","","","","676081b5c5f52e02c8b68bdf"
"Umer Group","","","","No","","","","","","","","","","","","","","","","","","","Pakistan","","","","","","Yes","","","","676081b5c5f52e02c8b68be2"
"Uni bro Textile","","","","No","","","","","","","","","","","","","","","","","","","Pakistan","","","","","","No","","","","676081b5c5f52e02c8b68be5"
"United Textile","","","","No","","","","","","","","","","","","","","","","","","","Pakistan","","","","","","No","","","","676081b5c5f52e02c8b68be8"
"Vital Private Limited","","","","No","","","","","","","","","","","","","","","","","","","Pakistan","","","","","","Yes","","","","676081b5c5f52e02c8b68beb"
"Yasir Afzal","","","","No","","","","","","","","","","","","","","","","","","","Pakistan","","","","","","Yes","","","","676081b5c5f52e02c8b68bee"
"Zafar Fabrics","","","","No","","","","","","","","","","","","","","","","","","","Pakistan","","","","","","Yes","","","","676081b5c5f52e02c8b68bf1"
"Zeenath Dyeing & Printing Mills","","","","No","","","","","","","","","","","","","","","","","","","Pakistan","","","","","","No","","","","676081b5c5f52e02c8b68bf4"
"Zephyr Textiles Limited","","","","No","","","","","","","","","","","","","","","","","","","Pakistan","","","","","","Yes","","","","676081b5c5f52e02c8b68bf7"
"Zulfiqar Knitting and Processing Industries","","","","No","","","","","","","","","","","","","","","","","","","Pakistan","","","","","","Yes","","","","676081b5c5f52e02c8b68bfa"
"Adityn","","","","No","","","","","","","","","","","","","","","","","","","India","","","","","","Yes","","","","676081fd4b964860908689ec"
"Adwait","","","","No","","","","","","","","","","","","","","","","","","","India","","","","","","Yes","","","","676081fd4b964860908689f2"
"Ahmedabad","","","","No","","","","","","","","","","","","","","","","","","","India","","","","","","Yes","","","","676081fd4b964860908689f5"
"Alok Industries","","","","No","","","","","","","","","","","","","","","","","","","India","","","","","","Yes","","","","676081fd4b964860908689f8"
"Arvind","","","","No","","","","","","","","","","","","","","","","","","","India","","","","","","No","","","","676081fd4b964860908689fd"
"Aswath","","","","No","","","","","","","","","","","","","","","","","","","India","","","","","","Yes","","","","676081fe4b96486090868a01"
"Augustan","","","","No","","","","","","","","","","","","","","","","","","","India","","","","","","Yes","","","","676081fe4b96486090868a04"
"Bhandari Hosiery","","","","No","","","","","","","","","","","","","","","","","","","India","","","","","","Yes","","","","676081fe4b96486090868a07"
"BKS","","","","No","","","","","","","","","","","","","","","","","","","India","","","","","","No","","","","676081fe4b96486090868a0b"
"Brintons Carpets","","","","No","","","","","","","","","","","","","","","","","","","India","","","","","","Yes","","","","676081fe4b96486090868a0f"
"Deesan Group","","","","No","","","","","","","","","","","","","","","","","","","India","","","","","","No","","","","676081fe4b96486090868a13"
"Golden Terry Towels","","","","No","","","","","","","","","","","","","","","","","","","India","","","","","","Yes","","","","676081fe4b96486090868a16"
"Grasim","","","","No","","","","","","","","","","","","","","","","","","","India","","","","","","Yes","","","","676081fe4b96486090868a1b"
"Himatsingka Linens","","","","No","","","","","","","","","","","","","","","","","","","India","","","","","","Yes","","","","676081fe4b96486090868a1f"
"Indocount","","","","No","","","","","","","","","","","","","","","","","","","India","","","","","","Yes","","","","676081fe4b96486090868a22"
"Infiloom","","","","No","","","","","","","","","","","","","","","","","","","India","","","","","","Yes","","","","676081fe4b96486090868a25"
"Jay Jay Mills","","","","No","","","","","","","","","","","","","","","","","","","India","","","","","","Yes","","","","676081fe4b96486090868a28"
"Jayashree","","","","No","","","","","","","","","","","","","","","","","","","India","","","","","","No","","","","676081fe4b96486090868a2d"
"Kapoor Industries","","","","No","","","","","","","","","","","","","","","","","","","India","","","","","","Yes","","","","676081fe4b96486090868a31"
"Landmark","","","","No","","","","","","","","","","","","","","","","","","","India","","","","","","Yes","","","","676081fe4b96486090868a34"
"LNJ Bhilware","","","","No","","","","","","","","","","","","","","","","","","","India","","","","","","No","","","","676081fe4b96486090868a37"
"Maral Overseas","","","","No","","","","","","","","","","","","","","","","","","","India","","","","","","No","","","","676081fe4b96486090868a3c"
"Mark and Spencer","","","","No","","","","","","","","","","","","","","","","","","","India","","","","","","Yes","","","","676081fe4b96486090868a40"
"Micro Cotton","","","","No","","","","","","","","","","","","","","","","","","","India","","","","","","No","","","","676081ff4b96486090868a43"
"Mohan Spintex","","","","No","","","","","","","","","","","","","","","","","","","India","","","","","","Yes","","","","676081ff4b96486090868a46"
"Mohini Health","","","","No","","","","","","","","","","","","","","","","","","","India","","","","","","No","","","","676081ff4b96486090868a49"
"Nandan","","","","No","","","","","","","","","","","","","","","","","","","India","","","","","","Yes","","","","676081ff4b96486090868a4e"
"NCC","","","","No","","","","","","","","","","","","","","","","","","","India","","","","","","Yes","","","","676081ff4b96486090868a52"
"Prathibah Syntex","","","","No","","","","","","","","","","","","","","","","","","","India","","","","","","No","","","","676081ff4b96486090868a55"
"Premier Fine Linen","","","","No","","","","","","","","","","","","","","","","","","","India","","","","","","Yes","","","","676081ff4b96486090868a58"
"R.K. Textiles","","","","No","","","","","","","","","","","","","","","","","","","India","","","","","","Yes","","","","676081ff4b96486090868a5d"
"Raghuvir Synthetics","","","","No","","","","","","","","","","","","","","","","","","","India","","","","","","No","","","","676081ff4b96486090868a61"
"Ramraj","","","","No","","","","","","","","","","","","","","","","","","","India","","","","","","Yes","","","","676081ff4b96486090868a64"
"Raymond","","","","No","","","","","","","","","","","","","","","","","","","India","","","","","","Yes","","","","676081ff4b96486090868a67"
"Reid and Taylor","","","","No","","","","","","","","","","","","","","","","","","","India","","","","","","No","","","","676081ff4b96486090868a6c"
"Right Sports","","","","No","","","","","","","","","","","","","","","","","","","India","","","","","","Yes","","","","676081ff4b96486090868a6f"
"RSWM","","","","No","","","","","","","","","","","","","","","","","","","India","","","","","","No","","","","676081ff4b96486090868a73"
"Ruby Cotex","","","","No","","","","","","","","","","","","","","","","","","","India","","","","","","No","","","","676081ff4b96486090868a76"
"Saachi Processors","","","","No","","","","","","","","","","","","","","","","","","","India","","","","","","Yes","","","","676081ff4b96486090868a7a"
"Shahi","","","","No","","","","","","","","","","","","","","","","","","","India","","","","","","Yes","","","","676081ff4b96486090868a7f"
"Siva Tex","","","","No","","","","","","","","","","","","","","","","","","","India","","","","","","Yes","","","","676081ff4b96486090868a82"
"Technosports","","","","No","","","","","","","","","","","","","","","","","","","India","","","","","","Yes","","","","676082004b96486090868a85"
"Texbond","","","","No","","","","","","","","","","","","","","","","","","","India","","","","","","Yes","","","","676082004b96486090868a89"
"Trident","","","","No","","","","","","","","","","","","","","","","","","","India","","","","","","Yes","","","","676082004b96486090868a8d"
"Tropic Knits","","","","No","","","","","","","","","","","","","","","","","","","India","","","","","","Yes","","","","676082004b96486090868a91"
"Vardhman Group","","","","No","","","","","","","","","","","","","","","","","","","India","","","","","","No","","","","676082004b96486090868a94"
"Pac-Fung Home Textiles (HeShan) Co., Ltd. ","鶴山北豐家用紡織品有限公司","Sourcing Agent","Hospitality","No","","","","","","","","","","","","","","","","","","","","","","jamien@pac-fung.com","","","Yes","No","","","676e2978f2887f02e6de42fb"
"Morphrow Europe BV","杭州莫弗進出口有限公司","Sourcing Agent","Hospitality","No","","","","","","","","","","","","","","","","","","","","","","h.cheung@morphrow.cn","","","Yes","No","","","676e29fbf2887f02e6de437e"
"Vimin Chemical Industrial Corp.","維明化工實業股份有限公司","Chemical Supplier","","No","","","","","","","","","","","","","","","","","","","","","","bryan_huang@vimin.com.tw","","","Yes","No","","","676e2ae47c93100316256379"
"Freudenberg Far Eastern Spunweb Co., Ltd","科德寶遠東股份有限公司","Non-woven","Non-woven","No","","","","","","","","","","38, Lun Din, Shi Hai Village, Dayuan Taoyuan, 33751 Taiwan","38, Lun Din, Shi Hai Village, Dayuan","","Taoyuan","","33751","Taiwan","","","Taiwan","","","leoyang@freudenberg-pm.com","","","Yes","Yes","","","676e2b827c931003162567c5"
"Sun Hing","","Dye and Finish","Active Wear","Yes","","","","","Tandy","","Tandy","","","","","","","","","","","","","","","","","","No","No","","","6778742d3b26c50302ccbb54"
"Carreman","","Dye and Finish","Active Wear","Yes","","","","","Tandy","","Tandy","","","","","","","","","","","","","","","","","","No","No","","","6778745ac9eb5202d783af99"
"Tex-Ray","","Dye and Finish","Active Wear","Yes","","","","","Tandy","","Tandy","","","","","","","","","","","","","","","","","","No","No","","","67787486458bcb02bd43f645"
"Realever","","Dye and Finish","Active Wear","Yes","","","","","Tandy","","Tandy","","","","","","","","","","","","","","","","","","No","No","","","6778753fed7aa302b487dbba"
"Ekoten Fabrics","","Dye and Finish","","Yes","","","","jason@textiletwn.com.tw","Jason","","Jason","","","","","","","","","","","","","","","","","","No","No","","","679845c5c6914402b82e16be"
"Visionworld ","","Dye and Finish","Active Wear","Yes","","","","","Tommy Kim","","Tommy","","Kim","2FL, 430, GWANGNARU-RO,GWANGJIN-GU Seoul  Korea","2FL, 430, GWANGNARU-RO,GWANGJIN-GU","","","Seoul","","Korea","","","Korea","China","","","","","No","No","","","679847b36d9dbb02fbe8ea34"
"Poonking","","Dye and Finish","","No","","","","","andrew","","andrew","","","","","","","","","","","","Korea","China","","","","","No","No","","","67985cdfeba1cc02bfcca0ce"
"Grip6","","Knitting","Socks","Yes","","Andrew","","","","","","","","","","","","","","","","","","","","bj@grip6.com","","","Yes","No","","Grip6","68dead58a6c4073662bffffd"
"Trident Group","","Dye and Finish","Non-woven","Yes","","","","","","","","","","","","","","","","","","","","","","","","","Yes","No","","","68efd031fef6773e3021f704"
